Match Number,Match,Team Innings,Bowler,Wickets,Overs.1,Overs.2,Maidens,No Balls,Wides,Runs,Economy,Balls
1,England vs New Zealand,New Zealand,Trent Boult,1,10,0,1,0,1,48,4.8,60
1,England vs New Zealand,New Zealand,Matt Henry,3,10,0,1,0,0,48,4.8,60
1,England vs New Zealand,New Zealand,Mitchell Santner,2,10,0,0,0,1,37,3.7,60
1,England vs New Zealand,New Zealand,Jimmy Neesham,0,7,0,0,0,4,56,8,42
1,England vs New Zealand,New Zealand,Rachin Ravindra,1,10,0,0,0,0,76,7.6,60
1,England vs New Zealand,New Zealand,Glenn Phillips,2,3,0,0,0,0,17,5.7,18
1,England vs New Zealand,England,Chris Woakes,0,6,0,0,0,0,45,7.5,36
1,England vs New Zealand,England,Sam Curran,1,6,0,2,0,2,47,7.8,36
1,England vs New Zealand,England,Mark Wood,0,5,0,0,0,1,55,11,30
1,England vs New Zealand,England,Moeen Ali,0,9,2,0,0,0,60,6.4,56
1,England vs New Zealand,England,Adil Rashid,0,7,0,0,0,0,47,6.7,42
1,England vs New Zealand,England,Liam Livingstone,0,3,0,0,0,0,24,8,18
2,Pakistan vs Netherlands,Pakistan,Aryan Dutt,1,10,0,0,0,2,48,4.8,60
2,Pakistan vs Netherlands,Netherlands,Logan van Beek,1,6,0,0,0,1,30,5,36
2,Pakistan vs Netherlands,Netherlands,Colin Ackermann,2,8,0,1,0,0,39,4.9,48
2,Pakistan vs Netherlands,Netherlands,Paul van Meekeren,1,6,0,0,0,2,40,6.7,36
2,Pakistan vs Netherlands,Netherlands,Bas de Leede,4,9,0,0,0,3,62,6.9,54
2,Pakistan vs Netherlands,Netherlands,Roelof van der Merwe,0,6,0,0,1,0,36,6,36
2,Pakistan vs Netherlands,Netherlands,Vikramjit Singh,0,2,0,0,0,0,16,8,12
2,Pakistan vs Netherlands,Netherlands,Saqib Zulfiqar,0,2,0,0,0,0,15,7.5,12
2,Pakistan vs Netherlands,Pakistan,Shaheen Afridi,1,7,0,0,0,2,37,5.3,42
2,Pakistan vs Netherlands,Pakistan,Hasan Ali,2,7,0,1,0,4,33,4.7,42
2,Pakistan vs Netherlands,Pakistan,Haris Rauf,3,9,0,0,0,2,43,4.8,54
2,Pakistan vs Netherlands,Pakistan,Iftikhar Ahmed,1,3,0,0,0,0,16,5.3,18
2,Pakistan vs Netherlands,Pakistan,Mohammad Nawaz,1,7,0,0,0,0,31,4.4,42
2,Pakistan vs Netherlands,Pakistan,Shadab Khan,1,8,0,0,0,1,45,5.6,48
3,Bangladesh vs Afghanistan,Bangladesh,Taskin Ahmed,1,6,0,0,0,1,32,5.3,36
3,Bangladesh vs Afghanistan,Bangladesh,Shoriful Islam,2,6,2,1,0,2,34,5.4,38
3,Bangladesh vs Afghanistan,Bangladesh,Mustafizur Rahman,1,7,0,1,0,0,28,4,42
3,Bangladesh vs Afghanistan,Bangladesh,Shakib Al Hasan,3,8,0,0,0,0,30,3.8,48
3,Bangladesh vs Afghanistan,Bangladesh,Mehidy Hasan Miraz,3,9,0,3,0,5,25,2.8,54
3,Bangladesh vs Afghanistan,Bangladesh,Mahmudullah,0,1,0,0,0,0,7,7,6
3,Bangladesh vs Afghanistan,Afghanistan,Fazalhaq Farooqi,1,5,0,0,0,2,19,3.8,30
3,Bangladesh vs Afghanistan,Afghanistan,Mujeeb Ur Rahman,0,7,0,0,0,0,30,4.3,42
3,Bangladesh vs Afghanistan,Afghanistan,Naveen-ul-Haq,1,5,4,0,1,1,31,5.5,34
3,Bangladesh vs Afghanistan,Afghanistan,Rashid Khan,0,9,0,0,0,0,48,5.3,54
3,Bangladesh vs Afghanistan,Afghanistan,Mohammad Nabi,0,6,0,1,0,1,18,3,36
3,Bangladesh vs Afghanistan,Afghanistan,Azmatullah Omarzai,1,2,0,0,0,0,9,4.5,12
4,South Africa vs Sri Lanka,Sri Lanka,Kasun Rajitha,1,10,0,1,0,2,90,9,60
4,South Africa vs Sri Lanka,Sri Lanka,Dilshan Madushanka,2,10,0,0,1,3,86,8.6,60
4,South Africa vs Sri Lanka,Sri Lanka,Dasun Shanaka,0,6,0,0,0,0,36,6,36
4,South Africa vs Sri Lanka,Sri Lanka,Dhananjaya de Silva,0,4,0,0,0,1,39,9.8,24
4,South Africa vs Sri Lanka,Sri Lanka,Matheesha Pathirana,1,10,0,0,0,13,95,9.5,60
4,South Africa vs Sri Lanka,Sri Lanka,Dunith Wellalage,1,10,0,0,0,2,81,8.1,60
4,South Africa vs Sri Lanka,South Africa,Lungi Ngidi,1,8,0,1,0,2,49,6.1,48
4,South Africa vs Sri Lanka,South Africa,Marco Jansen,2,10,0,0,0,3,92,9.2,60
4,South Africa vs Sri Lanka,South Africa,Kagiso Rabada,2,7,5,0,1,2,50,6.4,47
4,South Africa vs Sri Lanka,South Africa,Keshav Maharaj,2,10,0,0,0,6,62,6.2,60
4,South Africa vs Sri Lanka,South Africa,Gerald Coetzee,3,9,0,0,0,1,68,7.6,54
5,India vs Australia,India,Jasprit Bumrah,2,10,0,0,0,4,35,3.5,60
5,India vs Australia,India,Mohammed Siraj,1,6,3,1,0,2,26,4,39
5,India vs Australia,India,Hardik Pandya,1,3,0,0,0,0,28,9.3,18
5,India vs Australia,India,Ashwin,1,10,0,1,0,0,34,3.4,60
5,India vs Australia,India,Kuldeep Yadav,2,10,0,0,0,0,42,4.2,60
5,India vs Australia,India,Ravindra Jadeja,3,10,0,2,0,0,28,2.8,60
5,India vs Australia,Australia,Mitchell Starc,1,8,0,0,0,3,31,3.9,48
5,India vs Australia,Australia,Josh Hazlewood,3,9,0,1,0,1,38,4.2,54
5,India vs Australia,Australia,Pat Cummins,0,6,2,0,1,1,33,5.2,38
5,India vs Australia,Australia,Glenn Maxwell,0,8,0,0,0,0,33,4.1,48
5,India vs Australia,Australia,Cameron Green,0,2,0,0,0,0,11,5.5,12
5,India vs Australia,Australia,Adam Zampa,0,8,0,0,0,0,53,6.6,48
6,New Zealand vs Netherlands,Netherlands,Aryan Dutt,2,10,0,2,0,5,62,6.2,60
6,New Zealand vs Netherlands,Netherlands,Ryan Klein,0,7,0,1,0,3,41,5.9,42
6,New Zealand vs Netherlands,Netherlands,Paul van Meekeren,2,9,0,0,1,0,59,6.6,54
6,New Zealand vs Netherlands,Netherlands,Roelof van der Merwe,2,9,0,0,0,0,56,6.2,54
6,New Zealand vs Netherlands,Netherlands,Colin Ackermann,0,4,0,0,0,0,28,7,24
6,New Zealand vs Netherlands,Netherlands,Bas de Leede,1,10,0,0,1,0,64,6.4,60
6,New Zealand vs Netherlands,Netherlands,Vikramjit Singh,0,1,0,0,0,0,9,9,6
6,New Zealand vs Netherlands,New Zealand,Trent Boult,0,8,0,0,0,2,34,4.2,48
6,New Zealand vs Netherlands,New Zealand,Matt Henry,3,8,3,0,0,0,40,4.7,51
6,New Zealand vs Netherlands,New Zealand,Mitchell Santner,5,10,0,0,0,0,59,5.9,60
6,New Zealand vs Netherlands,New Zealand,Lockie Ferguson,0,8,0,0,0,0,32,4,48
6,New Zealand vs Netherlands,New Zealand,Rachin Ravindra,1,10,0,0,1,0,46,4.6,60
6,New Zealand vs Netherlands,New Zealand,Glenn Phillips,0,2,0,0,0,0,11,5.5,12
7,England vs Bangladesh,Bangladesh,Mustafizur Rahman,0,10,0,0,0,0,70,7,60
7,England vs Bangladesh,Bangladesh,Taskin Ahmed,1,6,0,0,0,2,38,6.3,36
7,England vs Bangladesh,Bangladesh,Shoriful Islam,3,10,0,0,0,1,75,7.5,60
7,England vs Bangladesh,Bangladesh,Mahedi Hasan,4,8,0,0,0,0,71,8.9,48
7,England vs Bangladesh,Bangladesh,Shakib Al Hasan,1,10,0,0,0,1,52,5.2,60
7,England vs Bangladesh,Bangladesh,Mehidy Hasan Miraz,0,6,0,0,0,0,55,9.2,36
7,England vs Bangladesh,England,Chris Woakes,2,8,0,0,0,0,49,6.1,48
7,England vs Bangladesh,England,Reece Topley,4,10,0,1,0,0,43,4.3,60
7,England vs Bangladesh,England,Sam Curran,1,7,2,0,0,2,47,6.4,44
7,England vs Bangladesh,England,Mark Wood,1,10,0,0,0,1,29,2.9,60
7,England vs Bangladesh,England,Adil Rashid,1,10,0,0,0,0,42,4.2,60
7,England vs Bangladesh,England,Liam Livingstone,1,3,0,0,0,0,13,4.3,18
8,Pakistan vs Sri Lanka,Pakistan,Shaheen Afridi,1,9,0,0,0,4,66,7.3,54
8,Pakistan vs Sri Lanka,Pakistan,Hasan Ali,4,10,0,0,1,3,71,7.1,60
8,Pakistan vs Sri Lanka,Pakistan,Mohammad Nawaz,1,9,0,0,0,0,62,6.9,54
8,Pakistan vs Sri Lanka,Pakistan,Haris Rauf,2,10,0,0,0,1,64,6.4,60
8,Pakistan vs Sri Lanka,Pakistan,Shadab Khan,1,8,0,0,0,0,55,6.9,48
8,Pakistan vs Sri Lanka,Pakistan,Iftikhar Ahmed,0,4,0,0,0,1,22,5.5,24
8,Pakistan vs Sri Lanka,Sri Lanka,Maheesh Theekshana,1,10,0,0,0,5,59,5.9,60
8,Pakistan vs Sri Lanka,Sri Lanka,Dilshan Madushanka,2,9,2,0,1,2,60,6.4,56
8,Pakistan vs Sri Lanka,Sri Lanka,Dasun Shanaka,0,5,0,0,0,0,28,5.6,30
8,Pakistan vs Sri Lanka,Sri Lanka,Matheesha Pathirana,1,9,0,0,0,18,90,10,54
8,Pakistan vs Sri Lanka,Sri Lanka,Dunith Wellalage,0,10,0,0,0,0,62,6.2,60
8,Pakistan vs Sri Lanka,Sri Lanka,Dhananjaya de Silva,0,4,0,0,0,0,36,9,24
8,Pakistan vs Sri Lanka,Sri Lanka,Charith Asalanka,0,1,0,0,0,0,10,10,6
9,India vs Afghanistan,India,Jasprit Bumrah,4,10,0,0,0,3,39,3.9,60
9,India vs Afghanistan,India,Mohammed Siraj,0,9,0,0,0,1,76,8.4,54
9,India vs Afghanistan,India,Hardik Pandya,2,7,0,0,0,3,43,6.1,42
9,India vs Afghanistan,India,Shardul Thakur,1,6,0,0,1,1,31,5.2,36
9,India vs Afghanistan,India,Kuldeep Yadav,1,10,0,0,0,0,40,4,60
9,India vs Afghanistan,India,Ravindra Jadeja,0,8,0,0,1,0,38,4.8,48
9,India vs Afghanistan,Afghanistan,Fazalhaq Farooqi,0,6,0,0,0,1,50,8.3,36
9,India vs Afghanistan,Afghanistan,Mujeeb Ur Rahman,0,8,0,0,0,7,64,8,48
9,India vs Afghanistan,Afghanistan,Naveen-ul-Haq,0,5,0,0,0,0,31,6.2,30
9,India vs Afghanistan,Afghanistan,Azmatullah Omarzai,0,4,0,0,0,1,34,8.5,24
9,India vs Afghanistan,Afghanistan,Mohammad Nabi,0,4,0,0,0,0,32,8,24
9,India vs Afghanistan,Afghanistan,Rashid Khan,2,8,0,0,0,1,57,7.1,48
10,Australia vs South Africa,Australia,Mitchell Starc,2,9,0,1,0,1,53,5.9,54
10,Australia vs South Africa,Australia,Josh Hazlewood,1,9,0,0,0,3,60,6.7,54
10,Australia vs South Africa,Australia,Glenn Maxwell,2,10,0,1,0,2,34,3.4,60
10,Australia vs South Africa,Australia,Pat Cummins,1,9,0,0,0,0,71,7.9,54
10,Australia vs South Africa,Australia,Adam Zampa,1,10,0,0,0,1,70,7,60
10,Australia vs South Africa,Australia,Mitchell Marsh,0,1,0,0,0,0,6,6,6
10,Australia vs South Africa,Australia,Marcus Stoinis,0,2,0,0,0,0,11,5.5,12
10,Australia vs South Africa,South Africa,Lungi Ngidi,1,8,0,2,0,1,18,2.2,48
10,Australia vs South Africa,South Africa,Marco Jansen,2,7,0,0,1,7,54,7.7,42
10,Australia vs South Africa,South Africa,Kagiso Rabada,3,8,0,1,1,1,33,4.1,48
10,Australia vs South Africa,South Africa,Keshav Maharaj,2,10,0,0,0,2,30,3,60
10,Australia vs South Africa,South Africa,Tabraiz Shamsi,2,7,5,0,0,0,38,4.9,47
11,New Zealand vs Bangladesh,New Zealand,Trent Boult,2,10,0,0,0,2,45,4.5,60
11,New Zealand vs Bangladesh,New Zealand,Matt Henry,2,10,0,0,1,0,58,5.8,60
11,New Zealand vs Bangladesh,New Zealand,Lockie Ferguson,3,10,0,0,2,2,49,4.9,60
11,New Zealand vs Bangladesh,New Zealand,Mitchell Santner,1,10,0,1,0,0,31,3.1,60
11,New Zealand vs Bangladesh,New Zealand,Glenn Phillips,1,2,0,0,1,0,13,6.5,12
11,New Zealand vs Bangladesh,New Zealand,Rachin Ravindra,0,7,0,0,0,0,37,5.3,42
11,New Zealand vs Bangladesh,New Zealand,Daryl Mitchell,0,1,0,0,0,0,11,11,6
11,New Zealand vs Bangladesh,Bangladesh,Mustafizur Rahman,1,8,0,0,0,3,36,4.5,48
11,New Zealand vs Bangladesh,Bangladesh,Shoriful Islam,0,7,5,1,0,3,43,5.5,47
11,New Zealand vs Bangladesh,Bangladesh,Taskin Ahmed,0,8,0,0,0,3,56,7,48
11,New Zealand vs Bangladesh,Bangladesh,Shakib Al Hasan,1,10,0,0,0,0,54,5.4,60
11,New Zealand vs Bangladesh,Bangladesh,Mehidy Hasan Miraz,0,9,0,0,0,1,58,6.4,54
12,India vs Pakistan,India,Jasprit Bumrah,2,7,0,1,0,1,19,2.7,42
12,India vs Pakistan,India,Mohammed Siraj,2,8,0,0,0,0,50,6.2,48
12,India vs Pakistan,India,Hardik Pandya,2,6,0,0,0,0,34,5.7,36
12,India vs Pakistan,India,Kuldeep Yadav,2,10,0,0,0,0,35,3.5,60
12,India vs Pakistan,India,Ravindra Jadeja,2,9,5,0,0,0,38,3.9,59
12,India vs Pakistan,India,Shardul Thakur,0,2,0,0,0,0,12,6,12
12,India vs Pakistan,Pakistan,Shaheen Afridi,2,6,0,0,0,1,36,6,36
12,India vs Pakistan,Pakistan,Hasan Ali,1,6,0,0,0,0,34,5.7,36
12,India vs Pakistan,Pakistan,Mohammad Nawaz,0,8,3,0,0,0,47,5.5,51
12,India vs Pakistan,Pakistan,Haris Rauf,0,6,0,0,0,0,43,7.2,36
12,India vs Pakistan,Pakistan,Shadab Khan,0,4,0,0,0,0,31,7.8,24
13,England vs Afghanistan,England,Chris Woakes,0,4,0,0,0,7,41,10.2,24
13,England vs Afghanistan,England,Reece Topley,1,8,5,1,1,3,52,5.9,53
13,England vs Afghanistan,England,Sam Curran,0,4,0,0,2,0,46,11.5,24
13,England vs Afghanistan,England,Adil Rashid,3,10,0,1,0,1,42,4.2,60
13,England vs Afghanistan,England,Mark Wood,2,9,0,0,0,0,50,5.6,54
13,England vs Afghanistan,England,Liam Livingstone,1,10,0,0,0,0,33,3.3,60
13,England vs Afghanistan,England,Joe Root,1,4,0,0,0,0,19,4.8,24
13,England vs Afghanistan,Afghanistan,Mujeeb Ur Rahman,3,10,0,1,0,5,51,5.1,60
13,England vs Afghanistan,Afghanistan,Fazalhaq Farooqi,1,7,0,0,0,2,50,7.1,42
13,England vs Afghanistan,Afghanistan,Naveen-ul-Haq,1,6,0,1,1,0,44,7.3,36
13,England vs Afghanistan,Afghanistan,Mohammad Nabi,2,6,0,0,0,1,16,2.7,36
13,England vs Afghanistan,Afghanistan,Rashid Khan,3,9,3,1,0,0,37,3.9,57
13,England vs Afghanistan,Afghanistan,Azmatullah Omarzai,0,2,0,0,0,0,13,6.5,12
14,Australia vs Sri Lanka,Australia,Mitchell Starc,2,10,0,0,0,4,43,4.3,60
14,Australia vs Sri Lanka,Australia,Josh Hazlewood,0,7,0,1,0,1,36,5.1,42
14,Australia vs Sri Lanka,Australia,Pat Cummins,2,7,0,0,0,1,32,4.6,42
14,Australia vs Sri Lanka,Australia,Glenn Maxwell,1,9,3,0,0,1,36,3.8,57
14,Australia vs Sri Lanka,Australia,Adam Zampa,4,8,0,1,0,2,47,5.9,48
14,Australia vs Sri Lanka,Australia,Marcus Stoinis,0,2,0,0,0,0,11,5.5,12
14,Australia vs Sri Lanka,Sri Lanka,Lahiru Kumara,0,4,0,0,0,0,47,11.8,24
14,Australia vs Sri Lanka,Sri Lanka,Dilshan Madushanka,3,9,0,2,0,1,38,4.2,54
14,Australia vs Sri Lanka,Sri Lanka,Maheesh Theekshana,0,7,0,0,0,0,49,7,42
14,Australia vs Sri Lanka,Sri Lanka,Dunith Wellalage,1,9,2,0,0,0,53,5.7,56
14,Australia vs Sri Lanka,Sri Lanka,Chamika Karunaratne,0,3,0,0,0,2,15,5,18
14,Australia vs Sri Lanka,Sri Lanka,Dhananjaya de Silva,0,3,0,0,0,0,13,4.3,18
15,South Africa vs Netherlands,South Africa,Lungi Ngidi,2,9,0,1,1,10,57,6.3,54
15,South Africa vs Netherlands,South Africa,Marco Jansen,2,8,0,1,0,6,27,3.4,48
15,South Africa vs Netherlands,South Africa,Kagiso Rabada,2,9,0,1,0,3,56,6.2,54
15,South Africa vs Netherlands,South Africa,Gerald Coetzee,1,8,0,0,0,2,57,7.1,48
15,South Africa vs Netherlands,South Africa,Keshav Maharaj,1,9,0,0,0,0,38,4.2,54
15,South Africa vs Netherlands,Netherlands,Aryan Dutt,0,5,0,1,0,0,19,3.8,30
15,South Africa vs Netherlands,Netherlands,Logan van Beek,3,8,5,0,1,1,60,6.8,53
15,South Africa vs Netherlands,Netherlands,Colin Ackermann,1,3,0,0,0,0,16,5.3,18
15,South Africa vs Netherlands,Netherlands,Paul van Meekeren,2,9,0,0,0,0,40,4.4,54
15,South Africa vs Netherlands,Netherlands,Roelof van der Merwe,2,9,0,0,0,0,34,3.8,54
15,South Africa vs Netherlands,Netherlands,Bas de Leede,2,8,0,0,0,4,36,4.5,48
16,New Zealand vs Afghanistan,Afghanistan,Mujeeb ur Rahman,1,10,0,0,0,1,57,5.7,60
16,New Zealand vs Afghanistan,Afghanistan,Fazalhaq Farooqi,0,7,0,1,0,2,39,5.6,42
16,New Zealand vs Afghanistan,Afghanistan,Naveen-ul-Haq,2,8,0,0,0,0,48,6,48
16,New Zealand vs Afghanistan,Afghanistan,Mohammad Nabi,0,8,0,1,0,0,41,5.1,48
16,New Zealand vs Afghanistan,Afghanistan,Rashid Khan,1,10,0,0,0,2,43,4.3,60
16,New Zealand vs Afghanistan,Afghanistan,Azmatullah Omarzai,2,7,0,0,1,0,56,8,42
16,New Zealand vs Afghanistan,New Zealand,Trent Boult,2,7,0,1,0,2,18,2.6,42
16,New Zealand vs Afghanistan,New Zealand,Matt Henry,1,5,0,2,0,0,16,3.2,30
16,New Zealand vs Afghanistan,New Zealand,Mitchell Santner,3,7,4,0,0,1,39,5.1,46
16,New Zealand vs Afghanistan,New Zealand,Lockie Ferguson,3,7,0,1,0,1,19,2.7,42
16,New Zealand vs Afghanistan,New Zealand,Glenn Phillips,0,3,0,0,0,1,13,4.3,18
16,New Zealand vs Afghanistan,New Zealand,Rachin Ravindra,1,5,0,0,0,0,34,6.8,30
17,India vs Bangladesh,India,Jasprit Bumrah,2,10,0,1,0,1,41,4.1,60
17,India vs Bangladesh,India,Mohammed Siraj,2,10,0,0,0,3,60,6,60
17,India vs Bangladesh,India,Hardik Pandya,0,0,3,0,0,0,8,16,3
17,India vs Bangladesh,India,Virat Kohli,0,0,3,0,0,0,2,4,3
17,India vs Bangladesh,India,Shardul Thakur,1,9,0,0,0,0,59,6.6,54
17,India vs Bangladesh,India,Kuldeep Yadav,1,10,0,0,0,1,47,4.7,60
17,India vs Bangladesh,India,Ravindra Jadeja,2,10,0,0,0,0,38,3.8,60
17,India vs Bangladesh,Bangladesh,Shoriful Islam,0,8,0,0,0,0,54,6.8,48
17,India vs Bangladesh,Bangladesh,Mustafizur Rahman,0,5,0,0,0,0,29,5.8,30
17,India vs Bangladesh,Bangladesh,Nasum Ahmed,0,9,3,0,0,0,60,6.3,57
17,India vs Bangladesh,Bangladesh,Hasan Mahmud,1,8,0,0,2,1,65,8.1,48
17,India vs Bangladesh,Bangladesh,Mehidy Hasan Miraz,2,10,0,0,0,1,47,4.7,60
17,India vs Bangladesh,Bangladesh,Mahmudullah,0,1,0,0,0,0,6,6,6
18,Australia vs Pakistan,Pakistan,Shaheen Afridi,5,10,0,1,0,3,54,5.4,60
18,Australia vs Pakistan,Pakistan,Hasan Ali,0,8,0,0,0,4,57,7.1,48
18,Australia vs Pakistan,Pakistan,Iftikhar Ahmed,0,8,0,0,0,2,37,4.6,48
18,Australia vs Pakistan,Pakistan,Haris Rauf,3,8,0,0,0,3,83,10.4,48
18,Australia vs Pakistan,Pakistan,Usama Mir,1,9,0,0,0,2,82,9.1,54
18,Australia vs Pakistan,Pakistan,Mohammad Nawaz,0,7,0,0,0,0,43,6.1,42
18,Australia vs Pakistan,Australia,Mitchell Starc,1,8,0,0,0,6,65,8.1,48
18,Australia vs Pakistan,Australia,Josh Hazlewood,1,10,0,1,0,1,37,3.7,60
18,Australia vs Pakistan,Australia,Pat Cummins,2,7,3,0,0,0,62,8.3,45
18,Australia vs Pakistan,Australia,Adam Zampa,4,10,0,0,0,1,53,5.3,60
18,Australia vs Pakistan,Australia,Glenn Maxwell,0,5,0,0,0,0,40,8,30
18,Australia vs Pakistan,Australia,Marcus Marcus Stoinis,2,5,0,0,0,3,40,8,30
19,Netherlands vs Sri Lanka,Sri Lanka,Dilshan Madushanka,4,9,4,1,1,3,49,5.1,58
19,Netherlands vs Sri Lanka,Sri Lanka,Kasun Rajitha,4,9,0,0,0,7,50,5.6,54
19,Netherlands vs Sri Lanka,Sri Lanka,Chamika Karunaratne,0,9,0,1,0,10,58,6.4,54
19,Netherlands vs Sri Lanka,Sri Lanka,Maheesh Theekshana,1,10,0,0,0,3,44,4.4,60
19,Netherlands vs Sri Lanka,Sri Lanka,Dushan Hemantha,0,8,0,0,0,0,42,5.2,48
19,Netherlands vs Sri Lanka,Sri Lanka,Dhananjaya de Silva,0,4,0,0,0,3,13,3.2,24
19,Netherlands vs Sri Lanka,Netherlands,Aryan Dutt,3,10,0,0,0,2,44,4.4,60
19,Netherlands vs Sri Lanka,Netherlands,Logan van Beek,0,10,0,0,0,0,57,5.7,60
19,Netherlands vs Sri Lanka,Netherlands,Paul van Meekeren,1,8,0,1,0,6,39,4.9,48
19,Netherlands vs Sri Lanka,Netherlands,Bas de Leede,0,3,0,0,0,2,29,9.7,18
19,Netherlands vs Sri Lanka,Netherlands,Roelof van der Merwe,0,9,0,0,0,1,42,4.7,54
19,Netherlands vs Sri Lanka,Netherlands,Colin Ackermann,1,8,2,0,0,0,39,4.7,50
20,England vs South Africa,England,Reece Topley,3,8,5,0,0,4,88,10,53
20,England vs South Africa,England,David Willey,0,9,0,1,1,3,61,6.8,54
20,England vs South Africa,England,Joe Root,0,6,1,0,0,0,48,7.8,37
20,England vs South Africa,England,Gus Atkinson,2,9,0,0,0,1,60,6.7,54
20,England vs South Africa,England,Mark Wood,0,7,0,0,0,1,76,10.9,42
20,England vs South Africa,England,Adil Rashid,2,10,0,0,0,0,61,6.1,60
20,England vs South Africa,South Africa,Lungi Ngidi,2,5,0,1,0,3,26,5.2,30
20,England vs South Africa,South Africa,Marco Jansen,2,5,0,0,0,1,35,7,30
20,England vs South Africa,South Africa,Kagiso Rabada,1,6,0,1,1,0,38,6.3,36
20,England vs South Africa,South Africa,Gerald Coetzee,3,4,0,0,0,1,35,8.8,24
20,England vs South Africa,South Africa,Keshav Maharaj,1,2,0,0,0,0,27,13.5,12
21,India vs New Zealand,India,Jasprit Bumrah,1,10,0,1,0,0,45,4.5,60
21,India vs New Zealand,India,Mohammed Siraj,1,10,0,1,0,4,45,4.5,60
21,India vs New Zealand,India,Mohammad Shami,5,10,0,0,0,0,54,5.4,60
21,India vs New Zealand,India,Ravindra Jadeja,0,10,0,0,0,0,48,4.8,60
21,India vs New Zealand,India,Kuldeep Yadav,2,10,0,0,0,3,73,7.3,60
21,India vs New Zealand,New Zealand,Trent Boult,1,10,0,0,0,1,60,6,60
21,India vs New Zealand,New Zealand,Matt Henry,1,9,0,0,0,0,55,6.1,54
21,India vs New Zealand,New Zealand,Mitchell Santner,1,10,0,0,0,0,37,3.7,60
21,India vs New Zealand,New Zealand,Lockie Ferguson,2,8,0,0,0,2,63,7.9,48
21,India vs New Zealand,New Zealand,Rachin Ravindra,0,9,0,0,0,1,46,5.1,54
21,India vs New Zealand,New Zealand,Glenn Phillips,0,2,0,0,0,0,12,6,12
22,Pakistan vs Afghanistan,Afghanistan,Naveen-ul-Haq,2,7,0,0,0,3,52,7.4,42
22,Pakistan vs Afghanistan,Afghanistan,Mujeeb ur Rahman,0,8,0,0,0,0,55,6.9,48
22,Pakistan vs Afghanistan,Afghanistan,Mohammad Nabi,1,10,0,0,0,0,31,3.1,60
22,Pakistan vs Afghanistan,Afghanistan,Azmatullah Omarzai,1,5,0,0,0,3,50,10,30
22,Pakistan vs Afghanistan,Afghanistan,Rashid Khan,0,10,0,0,0,0,41,4.1,60
22,Pakistan vs Afghanistan,Afghanistan,Noor Ahmad,3,10,0,0,1,6,49,4.9,60
22,Pakistan vs Afghanistan,Pakistan,Shaheen Afridi,1,10,0,0,0,2,58,5.8,60
22,Pakistan vs Afghanistan,Pakistan,Hasan Ali,1,10,0,1,0,1,44,4.4,60
22,Pakistan vs Afghanistan,Pakistan,Haris Rauf,0,8,0,1,0,3,53,6.6,48
22,Pakistan vs Afghanistan,Pakistan,Usama Mir,0,8,0,0,1,2,55,6.9,48
22,Pakistan vs Afghanistan,Pakistan,Shadab Khan,0,8,0,0,0,0,49,6.1,48
22,Pakistan vs Afghanistan,Pakistan,Iftikhar Ahmed,0,5,0,0,0,0,27,5.4,30
23,South Africa vs Bangladesh,Bangladesh,Mustafizur Rahman,0,9,0,0,0,2,76,8.4,54
23,South Africa vs Bangladesh,Bangladesh,Mehidy Hasan Miraz,1,9,0,0,0,2,44,4.9,54
23,South Africa vs Bangladesh,Bangladesh,Shoriful Islam,1,9,0,0,0,0,76,8.4,54
23,South Africa vs Bangladesh,Bangladesh,Shakib Al Hasan,1,9,0,0,0,1,69,7.7,54
23,South Africa vs Bangladesh,Bangladesh,Hasan Mahmud,2,6,0,0,0,1,67,11.2,36
23,South Africa vs Bangladesh,Bangladesh,Nasum Ahmed,0,5,0,0,0,0,27,5.4,30
23,South Africa vs Bangladesh,Bangladesh,Mahmudullah,0,3,0,0,0,1,20,6.7,18
23,South Africa vs Bangladesh,South Africa,Marco Jansen,2,8,0,0,0,5,39,4.9,48
23,South Africa vs Bangladesh,South Africa,Lizaad Williams,2,8,4,1,0,6,56,6.5,52
23,South Africa vs Bangladesh,South Africa,Gerald Coetzee,3,10,0,0,1,1,62,6.2,60
23,South Africa vs Bangladesh,South Africa,Kagiso Rabada,2,10,0,1,1,0,42,4.2,60
23,South Africa vs Bangladesh,South Africa,Keshav Maharaj,1,10,0,0,0,1,32,3.2,60
24,Australia vs Netherlands,Netherlands,Aryan Dutt,1,7,0,0,0,0,59,8.4,42
24,Australia vs Netherlands,Netherlands,Colin Ackermann,0,4,0,0,0,0,19,4.8,24
24,Australia vs Netherlands,Netherlands,Logan van Beek,4,10,0,0,0,5,74,7.4,60
24,Australia vs Netherlands,Netherlands,Paul van Meekeren,0,10,0,0,0,3,64,6.4,60
24,Australia vs Netherlands,Netherlands,Vikramjit Singh,0,4,0,0,0,1,27,6.8,24
24,Australia vs Netherlands,Netherlands,Roelof van der Merwe,0,5,0,0,0,1,41,8.2,30
24,Australia vs Netherlands,Netherlands,Bas de Leede,2,10,0,0,1,1,115,11.5,60
24,Australia vs Netherlands,Australia,Mitchell Starc,1,4,0,0,0,2,22,5.5,24
24,Australia vs Netherlands,Australia,Josh Hazlewood,1,6,0,0,0,2,27,4.5,36
24,Australia vs Netherlands,Australia,Pat Cummins,1,4,0,0,0,0,14,3.5,24
24,Australia vs Netherlands,Australia,Mitchell Marsh,2,4,0,0,0,3,19,4.8,24
24,Australia vs Netherlands,Australia,Adam Zampa,4,3,0,0,0,0,8,2.7,18
25,England vs Sri Lanka,Sri Lanka,Dilshan Madushanka,0,5,0,0,0,0,37,7.4,30
25,England vs Sri Lanka,Sri Lanka,Kasun Rajitha,2,7,0,0,0,1,36,5.1,42
25,England vs Sri Lanka,Sri Lanka,Maheesh Theekshana,1,8,2,1,0,3,21,2.5,50
25,England vs Sri Lanka,Sri Lanka,Angelo Mathews,2,5,0,1,0,0,14,2.8,30
25,England vs Sri Lanka,Sri Lanka,Lahiru Kumara,3,7,0,0,0,0,35,5,42
25,England vs Sri Lanka,Sri Lanka,Dhananjaya de Silva,0,1,0,0,0,0,10,10,6
25,England vs Sri Lanka,England,Chris Woakes,0,6,0,0,0,2,30,5,36
25,England vs Sri Lanka,England,David Willey,2,5,0,0,0,1,30,6,30
25,England vs Sri Lanka,England,Adil Rashid,0,4,4,0,0,0,39,8.4,28
25,England vs Sri Lanka,England,Mark Wood,0,4,0,0,0,0,23,5.8,24
25,England vs Sri Lanka,England,Liam Livingstone,0,3,0,0,0,0,17,5.7,18
25,England vs Sri Lanka,England,Moeen Ali,0,3,0,0,0,0,21,7,18
26,Pakistan vs South Africa,South Africa,Marco Jansen,3,9,0,1,2,6,43,4.8,54
26,Pakistan vs South Africa,South Africa,Lungi Ngidi,1,7,4,0,0,3,45,5.9,46
26,Pakistan vs South Africa,South Africa,Aiden Markram,0,4,0,0,0,0,20,5,24
26,Pakistan vs South Africa,South Africa,Keshav Maharaj,0,9,0,0,0,0,56,6.2,54
26,Pakistan vs South Africa,South Africa,Gerald Coetzee,2,7,0,0,0,1,42,6,42
26,Pakistan vs South Africa,South Africa,Tabraiz Shamsi,4,10,0,0,2,1,60,6,60
26,Pakistan vs South Africa,Pakistan,Iftikhar Ahmed,0,3,0,0,0,5,23,7.7,18
26,Pakistan vs South Africa,Pakistan,Shaheen Afridi,3,10,0,0,0,3,45,4.5,60
26,Pakistan vs South Africa,Pakistan,Mohammad Nawaz,0,6,2,0,0,0,40,6.3,38
26,Pakistan vs South Africa,Pakistan,Haris Rauf,2,10,0,0,0,2,62,6.2,60
26,Pakistan vs South Africa,Pakistan,Mohammad Wasim Jr,2,10,0,1,0,4,50,5,60
26,Pakistan vs South Africa,Pakistan,Usama Mir,2,8,0,0,0,1,45,5.6,48
27,Australia vs New Zealand,New Zealand,Matt Henry,1,6,2,0,2,2,67,10.6,38
27,Australia vs New Zealand,New Zealand,Trent Boult,3,10,0,0,0,3,77,7.7,60
27,Australia vs New Zealand,New Zealand,Lockie Ferguson,0,3,0,0,0,0,38,12.7,18
27,Australia vs New Zealand,New Zealand,Mitchell Santner,2,10,0,0,0,1,80,8,60
27,Australia vs New Zealand,New Zealand,Glenn Phillips,3,10,0,0,0,0,37,3.7,60
27,Australia vs New Zealand,New Zealand,Rachin Ravindra,0,8,0,0,0,0,56,7,48
27,Australia vs New Zealand,New Zealand,Jimmy Neesham,1,2,0,0,0,0,32,16,12
27,Australia vs New Zealand,Australia,Mitchell Starc,0,9,0,0,0,17,89,9.9,54
27,Australia vs New Zealand,Australia,Josh Hazlewood,2,9,0,0,0,1,70,7.8,54
27,Australia vs New Zealand,Australia,Pat Cummins,2,10,0,0,0,3,66,6.6,60
27,Australia vs New Zealand,Australia,Glenn Maxwell,1,10,0,0,0,0,62,6.2,60
27,Australia vs New Zealand,Australia,Adam Zampa,3,10,0,0,0,0,74,7.4,60
27,Australia vs New Zealand,Australia,Mitchell Marsh,0,2,0,0,0,1,18,9,12
28,Netherlands vs Bangladesh,Bangladesh,Shoriful Islam,2,10,0,0,0,3,51,5.1,60
28,Netherlands vs Bangladesh,Bangladesh,Taskin Ahmed,2,9,0,1,0,1,43,4.8,54
28,Netherlands vs Bangladesh,Bangladesh,Shakib Al Hasan,1,10,0,1,0,0,37,3.7,60
28,Netherlands vs Bangladesh,Bangladesh,Mehidy Hasan Miraz,0,4,0,0,0,0,17,4.2,24
28,Netherlands vs Bangladesh,Bangladesh,Mustafizur Rahman,2,10,0,1,0,1,36,3.6,60
28,Netherlands vs Bangladesh,Bangladesh,Mahedi Hasan,2,7,0,0,0,2,40,5.7,42
28,Netherlands vs Bangladesh,Netherlands,Aryan Dutt,1,10,0,3,0,0,26,2.6,60
28,Netherlands vs Bangladesh,Netherlands,Logan van Beek,1,9,0,1,0,4,30,3.3,54
28,Netherlands vs Bangladesh,Netherlands,Colin Ackermann,1,7,0,1,0,0,25,3.6,42
28,Netherlands vs Bangladesh,Netherlands,Paul van Meekeren,4,7,2,0,0,2,23,3.1,44
28,Netherlands vs Bangladesh,Netherlands,Bas de Leede,2,7,0,0,0,0,25,3.6,42
28,Netherlands vs Bangladesh,Netherlands,Shariz Ahmad,0,2,0,0,0,0,13,6.5,12
29,India vs England,England,David Willey,3,10,0,2,0,0,45,4.5,60
29,India vs England,England,Chris Woakes,2,9,0,1,0,1,33,3.7,54
29,India vs England,England,Adil Rashid,2,10,0,0,0,0,35,3.5,60
29,India vs England,England,Mark Wood,1,9,0,1,0,2,46,5.1,54
29,India vs England,England,Liam Livingstone,0,4,0,1,0,0,29,7.2,24
29,India vs England,England,Moeen Ali,0,8,0,0,0,0,37,4.6,48
29,India vs England,India,Jasprit Bumrah,3,6,5,1,0,2,32,4.7,41
29,India vs England,India,Mohammed Siraj,0,6,0,0,0,2,33,5.5,36
29,India vs England,India,Mohammed Shami,4,7,0,2,0,2,22,3.1,42
29,India vs England,India,Kuldeep Yadav,2,8,0,0,0,0,24,3,48
29,India vs England,India,Ravindra Jadeja,1,7,0,1,0,0,16,2.3,42
30,Afghanistan vs Sri Lanka,Afghanistan,Mujeeb ur Rahman,2,10,0,0,0,0,38,3.8,60
30,Afghanistan vs Sri Lanka,Afghanistan,Fazalhaq Farooqi,4,10,0,1,0,0,34,3.4,60
30,Afghanistan vs Sri Lanka,Afghanistan,Naveen-ul-Haq,0,6,3,0,0,2,47,7.2,39
30,Afghanistan vs Sri Lanka,Afghanistan,Azmatullah Omarzai,1,7,0,0,0,1,37,5.3,42
30,Afghanistan vs Sri Lanka,Afghanistan,Rashid Khan,1,10,0,0,0,6,50,5,60
30,Afghanistan vs Sri Lanka,Afghanistan,Mohammad Nabi,0,6,0,0,0,0,33,5.5,36
30,Afghanistan vs Sri Lanka,Sri Lanka,Dilshan Madushanka,2,9,0,0,0,3,48,5.3,54
30,Afghanistan vs Sri Lanka,Sri Lanka,Kasun Rajitha,1,10,0,0,0,2,48,4.8,60
30,Afghanistan vs Sri Lanka,Sri Lanka,Angelo Mathews,0,3,0,0,0,0,18,6,18
30,Afghanistan vs Sri Lanka,Sri Lanka,Dushmantha Chameera,0,9,2,0,0,0,51,5.5,56
30,Afghanistan vs Sri Lanka,Sri Lanka,Maheesh Theekshana,0,10,0,0,0,4,55,5.5,60
30,Afghanistan vs Sri Lanka,Sri Lanka,Dhananjaya de Silva,0,4,0,0,0,0,21,5.2,24
31,Pakistan vs Bangladesh,Pakistan,Shaheen Afridi,3,9,0,1,0,2,23,2.6,54
31,Pakistan vs Bangladesh,Pakistan,Iftikhar Ahmed,1,10,0,0,0,0,44,4.4,60
31,Pakistan vs Bangladesh,Pakistan,Haris Rauf,2,8,0,0,0,2,36,4.5,48
31,Pakistan vs Bangladesh,Pakistan,Mohammad Wasim Jr,3,8,1,1,0,0,31,3.8,49
31,Pakistan vs Bangladesh,Pakistan,Usama Mir,1,10,0,0,0,1,66,6.6,60
31,Pakistan vs Bangladesh,Bangladesh,Taskin Ahmed,0,6,0,1,0,0,36,6,36
31,Pakistan vs Bangladesh,Bangladesh,Shoriful Islam,0,4,0,1,0,1,25,6.2,24
31,Pakistan vs Bangladesh,Bangladesh,Mehidy Hasan Miraz,3,9,0,0,0,0,60,6.7,54
31,Pakistan vs Bangladesh,Bangladesh,Mustafizur Rahman,0,7,0,0,0,1,47,6.7,42
31,Pakistan vs Bangladesh,Bangladesh,Shakib Al Hasan,0,5,3,0,0,0,30,5.5,33
31,Pakistan vs Bangladesh,Bangladesh,Najmul Hossain Shanto,0,1,0,0,0,0,5,5,6
32,New Zealand vs South Africa,New Zealand,Trent Boult,1,10,0,1,0,2,49,4.9,60
32,New Zealand vs South Africa,New Zealand,Matt Henry,0,5,3,0,0,1,31,5.6,33
32,New Zealand vs South Africa,New Zealand,Tim Southee,2,10,0,0,0,1,77,7.7,60
32,New Zealand vs South Africa,New Zealand,Mitchell Santner,0,10,0,0,0,2,58,5.8,60
32,New Zealand vs South Africa,New Zealand,Glenn Phillips,0,7,0,0,0,2,52,7.4,42
32,New Zealand vs South Africa,New Zealand,Rachin Ravindra,0,2,0,0,0,0,17,8.5,12
32,New Zealand vs South Africa,New Zealand,Jimmy Neesham,1,5,3,0,0,0,69,12.5,33
32,New Zealand vs South Africa,South Africa,Marco Jansen,3,8,0,1,1,1,31,3.9,48
32,New Zealand vs South Africa,South Africa,Lungi Ngidi,0,6,0,1,0,0,28,4.7,36
32,New Zealand vs South Africa,South Africa,Kagiso Rabada,1,6,0,2,0,0,16,2.7,36
32,New Zealand vs South Africa,South Africa,Gerald Coetzee,2,6,3,0,0,5,41,6.3,39
32,New Zealand vs South Africa,South Africa,Keshav Maharaj,4,9,0,0,0,0,46,5.1,54
33,India vs Sri Lanka,Sri Lanka,Dilshan Madushanka,5,10,0,0,0,6,80,8,60
33,India vs Sri Lanka,Sri Lanka,Dushmantha Chameera,1,10,0,2,0,0,71,7.1,60
33,India vs Sri Lanka,Sri Lanka,Kasun Rajitha,0,9,0,0,0,1,66,7.3,54
33,India vs Sri Lanka,Sri Lanka,Angelo Mathews,0,3,0,0,0,0,11,3.7,18
33,India vs Sri Lanka,Sri Lanka,Maheesh Theekshana,0,10,0,0,0,1,67,6.7,60
33,India vs Sri Lanka,Sri Lanka,Dushan Hemantha,0,8,0,0,1,0,52,6.5,48
33,India vs Sri Lanka,India,Jasprit Bumrah,1,5,0,1,0,3,8,1.6,30
33,India vs Sri Lanka,India,Mohammed Siraj,3,7,0,2,0,1,16,2.3,42
33,India vs Sri Lanka,India,Mohammed Shami,5,5,0,1,0,0,18,3.6,30
33,India vs Sri Lanka,India,Kuldeep Yadav,0,2,0,0,0,0,3,1.5,12
33,India vs Sri Lanka,India,Ravindra Jadeja,1,0,4,0,0,0,4,6,4
34,Netherlands vs Afghanistan,Afghanistan,Mujeeb ur Rahman,1,10,0,0,0,5,40,4,60
34,Netherlands vs Afghanistan,Afghanistan,Fazalhaq Farooqi,0,5,0,0,0,2,36,7.2,30
34,Netherlands vs Afghanistan,Afghanistan,Azmatullah Omarzai,0,3,0,0,0,0,11,3.7,18
34,Netherlands vs Afghanistan,Afghanistan,Mohammad Nabi,3,9,3,1,0,1,28,2.9,57
34,Netherlands vs Afghanistan,Afghanistan,Rashid Khan,0,10,0,0,0,3,31,3.1,60
34,Netherlands vs Afghanistan,Afghanistan,Noor Ahmad,2,9,0,0,0,3,31,3.4,54
34,Netherlands vs Afghanistan,Netherlands,Aryan Dutt,0,8,3,0,0,3,49,5.8,51
34,Netherlands vs Afghanistan,Netherlands,Logan van Beek,1,7,0,0,0,2,30,4.3,42
34,Netherlands vs Afghanistan,Netherlands,Paul van Meekeren,0,5,0,0,1,1,35,7,30
34,Netherlands vs Afghanistan,Netherlands,Roelof van der Merwe,1,5,0,0,0,0,27,5.4,30
34,Netherlands vs Afghanistan,Netherlands,Saqib Zulfiqar,1,3,0,0,1,0,25,8.3,18
34,Netherlands vs Afghanistan,Netherlands,Colin Ackermann,0,3,0,0,0,1,12,4,18
35,New Zealand vs Pakistan,Pakistan,Shaheen Afridi,0,10,0,0,0,5,90,9,60
35,New Zealand vs Pakistan,Pakistan,Hasan Ali,1,10,0,0,1,2,82,8.2,60
35,New Zealand vs Pakistan,Pakistan,Iftikhar Ahmed,1,8,0,0,0,0,55,6.9,48
35,New Zealand vs Pakistan,Pakistan,Haris Rauf,1,10,0,0,0,2,85,8.5,60
35,New Zealand vs Pakistan,Pakistan,Mohammad Wasim Jr,3,10,0,0,0,7,60,6,60
35,New Zealand vs Pakistan,Pakistan,Agha Salman,0,2,0,0,0,1,21,10.5,12
35,New Zealand vs Pakistan,New Zealand,Trent Boult,0,6,0,0,0,2,50,8.3,36
35,New Zealand vs Pakistan,New Zealand,Tim Southee,1,5,0,0,0,0,27,5.4,30
35,New Zealand vs Pakistan,New Zealand,Mitchell Santner,0,5,0,0,0,0,35,7,30
35,New Zealand vs Pakistan,New Zealand,Glenn Phillips,0,5,0,1,0,0,42,8.4,30
35,New Zealand vs Pakistan,New Zealand,Ish Sodhi,0,4,0,0,0,1,44,11,24
35,New Zealand vs Pakistan,New Zealand,Daryl Mitchell,0,0,3,0,0,0,1,2,3
36,England vs Australia,England,David Willey,1,10,0,1,0,1,48,4.8,60
36,England vs Australia,England,Chris Woakes,4,9,3,0,0,0,54,5.7,57
36,England vs Australia,England,Mark Wood,2,10,0,0,0,3,70,7,60
36,England vs Australia,England,Liam Livingstone,1,6,0,0,0,0,42,7,36
36,England vs Australia,England,Moeen Ali,0,4,0,0,0,0,28,7,24
36,England vs Australia,England,Adil Rashid,2,10,0,0,0,0,38,3.8,60
36,England vs Australia,Australia,Mitchell Starc,2,10,0,0,0,4,66,6.6,60
36,England vs Australia,Australia,Josh Hazlewood,2,9,1,1,0,2,49,5.3,55
36,England vs Australia,Australia,Pat Cummins,2,10,0,1,0,0,49,4.9,60
36,England vs Australia,Australia,Adam Zampa,3,10,0,0,0,2,21,2.1,60
36,England vs Australia,Australia,Travis Head,0,5,0,0,0,0,28,5.6,30
36,England vs Australia,Australia,Marcus Marcus Stoinis,1,4,0,0,0,0,34,8.5,24
37,India vs South Africa,South Africa,Lungi Ngidi,1,8,2,0,0,2,63,7.6,50
37,India vs South Africa,South Africa,Marco Jansen,1,9,4,0,1,11,94,9.7,58
37,India vs South Africa,South Africa,Kagiso Rabada,1,10,0,1,0,0,48,4.8,60
37,India vs South Africa,South Africa,Keshav Maharaj,1,10,0,0,0,1,30,3,60
37,India vs South Africa,South Africa,Tabraiz Shamsi,1,10,0,0,1,7,72,7.2,60
37,India vs South Africa,South Africa,Aiden Markram,0,2,0,0,0,1,17,8.5,12
37,India vs South Africa,India,Jasprit Bumrah,0,5,0,0,0,1,14,2.8,30
37,India vs South Africa,India,Mohammed Siraj,1,4,0,1,0,0,11,2.8,24
37,India vs South Africa,India,Ravindra Jadeja,5,9,0,1,0,0,33,3.7,54
37,India vs South Africa,India,Mohammed Shami,2,4,0,0,0,1,18,4.5,24
37,India vs South Africa,India,Kuldeep Yadav,2,5,1,1,0,0,7,1.4,31
38,Bangladesh vs Sri Lanka,Bangladesh,Shoriful Islam,2,9,3,0,0,1,52,5.5,57
38,Bangladesh vs Sri Lanka,Bangladesh,Taskin Ahmed,0,10,0,1,0,1,39,3.9,60
38,Bangladesh vs Sri Lanka,Bangladesh,Tanzim Hasan Sakib,3,10,0,0,0,2,80,8,60
38,Bangladesh vs Sri Lanka,Bangladesh,Shakib Al Hasan,2,10,0,0,0,0,57,5.7,60
38,Bangladesh vs Sri Lanka,Bangladesh,Mehidy Hasan Miraz,1,10,0,0,0,0,49,4.9,60
38,Bangladesh vs Sri Lanka,Sri Lanka,Dilshan Madushanka,3,10,0,1,0,4,69,6.9,60
38,Bangladesh vs Sri Lanka,Sri Lanka,Maheesh Theekshana,2,9,0,0,0,3,44,4.9,54
38,Bangladesh vs Sri Lanka,Sri Lanka,Kasun Rajitha,0,4,0,0,0,0,47,11.8,24
38,Bangladesh vs Sri Lanka,Sri Lanka,Dushmantha Chameera,0,8,0,0,0,2,54,6.8,48
38,Bangladesh vs Sri Lanka,Sri Lanka,Angelo Mathews,2,7,1,1,0,1,35,4.9,43
38,Bangladesh vs Sri Lanka,Sri Lanka,Dhananjaya de Silva,0,3,0,0,0,0,20,6.7,18
39,Australia vs Afghanistan,Australia,Mitchell Starc,1,9,0,0,0,5,70,7.8,54
39,Australia vs Afghanistan,Australia,Josh Hazlewood,2,9,0,0,0,1,39,4.3,54
39,Australia vs Afghanistan,Australia,Glenn Maxwell,1,10,0,0,1,0,55,5.5,60
39,Australia vs Afghanistan,Australia,Pat Cummins,0,8,0,0,0,1,47,5.9,48
39,Australia vs Afghanistan,Australia,Adam Zampa,1,10,0,0,0,3,58,5.8,60
39,Australia vs Afghanistan,Australia,Travis Head,0,3,0,0,0,0,15,5,18
39,Australia vs Afghanistan,Australia,Marcus Stoinis,0,1,0,0,0,0,2,2,6
39,Australia vs Afghanistan,Afghanistan,Mujeeb Ur Rahman,0,8,5,1,0,0,72,8.2,53
39,Australia vs Afghanistan,Afghanistan,Naveen-ul-Haq,2,9,0,0,0,1,47,5.2,54
39,Australia vs Afghanistan,Afghanistan,Azmatullah Omarzai,2,7,0,1,0,1,52,7.4,42
39,Australia vs Afghanistan,Afghanistan,Rashid Khan,2,10,0,0,0,3,44,4.4,60
39,Australia vs Afghanistan,Afghanistan,Noor Ahmad,0,10,0,1,0,5,53,5.3,60
39,Australia vs Afghanistan,Afghanistan,Mohammad Nabi,0,2,0,0,0,0,20,10,12
40,England vs Netherlands,Netherlands,Aryan Dutt,2,10,0,0,1,1,67,6.7,60
40,England vs Netherlands,Netherlands,Logan van Beek,2,10,0,0,0,14,88,8.8,60
40,England vs Netherlands,Netherlands,Paul van Meekeren,1,10,0,0,0,5,57,5.7,60
40,England vs Netherlands,Netherlands,Bas de Leede,3,10,0,0,0,0,74,7.4,60
40,England vs Netherlands,Netherlands,Roelof van der Merwe,0,3,0,0,0,0,22,7.3,18
40,England vs Netherlands,Netherlands,Colin Ackermann,0,7,0,0,0,0,31,4.4,42
40,England vs Netherlands,England,Chris Woakes,1,7,0,0,0,2,19,2.7,42
40,England vs Netherlands,England,David Willey,2,7,0,2,0,0,19,2.7,42
40,England vs Netherlands,England,Gus Atkinson,0,7,0,0,0,1,41,5.9,42
40,England vs Netherlands,England,Moeen Ali,3,8,2,0,0,0,42,5,50
40,England vs Netherlands,England,Adil Rashid,3,8,0,0,0,1,54,6.8,48
41,New Zealand vs Sri Lanka,New Zealand,Trent Boult,3,10,0,3,0,3,37,3.7,60
41,New Zealand vs Sri Lanka,New Zealand,Tim Southee,1,8,0,0,0,0,52,6.5,48
41,New Zealand vs Sri Lanka,New Zealand,Lockie Ferguson,2,10,0,2,0,0,35,3.5,60
41,New Zealand vs Sri Lanka,New Zealand,Mitchell Santner,2,10,0,2,0,0,22,2.2,60
41,New Zealand vs Sri Lanka,New Zealand,Rachin Ravindra,2,7,4,0,0,0,21,2.7,46
41,New Zealand vs Sri Lanka,New Zealand,Glenn Phillips,0,1,0,0,0,0,3,3,6
41,New Zealand vs Sri Lanka,Sri Lanka,Dilshan Madushanka,0,6,2,0,0,1,58,9.2,38
41,New Zealand vs Sri Lanka,Sri Lanka,Maheesh Theekshana,1,7,0,0,0,0,43,6.1,42
41,New Zealand vs Sri Lanka,Sri Lanka,Dhananjaya de Silva,0,2,0,0,0,0,22,11,12
41,New Zealand vs Sri Lanka,Sri Lanka,Dushmantha Chameera,1,4,0,1,0,0,20,5,24
41,New Zealand vs Sri Lanka,Sri Lanka,Angelo Mathews,2,4,0,0,0,1,29,7.2,24
42,South Africa vs Afghanistan,South Africa,Kagiso Rabada,0,10,0,0,0,0,40,4,60
42,South Africa vs Afghanistan,South Africa,Lungi Ngidi,2,8,3,0,0,6,69,8.1,51
42,South Africa vs Afghanistan,South Africa,Aiden Markram,0,4,3,0,0,0,25,5.6,27
42,South Africa vs Afghanistan,South Africa,Gerald Coetzee,4,10,0,1,0,2,44,4.4,60
42,South Africa vs Afghanistan,South Africa,Keshav Maharaj,2,10,0,1,0,2,25,2.5,60
42,South Africa vs Afghanistan,South Africa,Phehlukwayo,1,7,0,0,0,0,36,5.1,42
42,South Africa vs Afghanistan,Afghanistan,Mujeeb Ur Rahman,1,10,0,0,0,1,51,5.1,60
42,South Africa vs Afghanistan,Afghanistan,Naveen-ul-Haq,0,6,3,0,0,1,52,8,39
42,South Africa vs Afghanistan,Afghanistan,Mohammad Nabi,2,10,0,1,0,0,35,3.5,60
42,South Africa vs Afghanistan,Afghanistan,Azmatullah Omarzai,0,1,0,0,0,0,8,8,6
42,South Africa vs Afghanistan,Afghanistan,Rashid Khan,2,10,0,1,0,1,37,3.7,60
42,South Africa vs Afghanistan,Afghanistan,Noor Ahmad,0,9,0,0,0,3,49,5.4,54
42,South Africa vs Afghanistan,Afghanistan,Rahmat Shah,0,1,0,0,0,0,12,12,6
43,Australia vs Bangladesh,Australia,Josh Hazlewood,0,7,0,1,0,0,21,3,42
43,Australia vs Bangladesh,Australia,Pat Cummins,0,8,0,0,0,8,56,7,48
43,Australia vs Bangladesh,Australia,Abbott,2,10,0,0,1,0,61,6.1,60
43,Australia vs Bangladesh,Australia,Mitchell Marsh,0,4,0,0,1,2,48,12,24
43,Australia vs Bangladesh,Australia,Adam Zampa,2,10,0,0,0,0,32,3.2,60
43,Australia vs Bangladesh,Australia,Travis Head,0,6,0,0,0,0,33,5.5,36
43,Australia vs Bangladesh,Australia,Marcus Stoinis,1,5,0,0,0,2,45,9,30
43,Australia vs Bangladesh,Bangladesh,Taskin Ahmed,1,10,0,0,0,1,61,6.1,60
43,Australia vs Bangladesh,Bangladesh,Mahedi Hasan,0,9,0,0,0,1,38,4.2,54
43,Australia vs Bangladesh,Bangladesh,Nasum Ahmed,0,10,0,0,0,1,85,8.5,60
43,Australia vs Bangladesh,Bangladesh,Mehidy Hasan Miraz,0,6,0,0,0,0,47,7.8,36
43,Australia vs Bangladesh,Bangladesh,Mustafizur Rahman,1,9,4,1,0,1,76,7.9,58
44,England vs Pakistan,Pakistan,Shaheen Afridi,2,10,0,1,0,0,72,7.2,60
44,England vs Pakistan,Pakistan,Haris Rauf,3,10,0,0,0,11,64,6.4,60
44,England vs Pakistan,Pakistan,Iftikhar Ahmed,1,7,0,0,0,0,38,5.4,42
44,England vs Pakistan,Pakistan,Mohammad Wasim Jr,2,10,0,0,0,1,74,7.4,60
44,England vs Pakistan,Pakistan,Shadab Khan,0,10,0,0,0,0,57,5.7,60
44,England vs Pakistan,Pakistan,Agha Salman,0,3,0,0,0,0,25,8.3,18
44,England vs Pakistan,England,David Willey,3,10,0,0,0,2,56,5.6,60
44,England vs Pakistan,England,Chris Woakes,1,5,3,0,0,0,27,4.9,33
44,England vs Pakistan,England,Adil Rashid,2,10,0,0,0,1,55,5.5,60
44,England vs Pakistan,England,Gus Atkinson,2,8,0,0,0,2,45,5.6,48
44,England vs Pakistan,England,Moeen Ali,2,10,0,0,0,0,60,6,60
45,India vs Netherlands,Netherlands,Aryan Dutt,0,7,0,0,0,1,52,7.4,42
45,India vs Netherlands,Netherlands,Logan van Beek,0,10,0,0,0,1,107,10.7,60
45,India vs Netherlands,Netherlands,Colin Ackermann,0,3,0,0,0,1,25,8.3,18
45,India vs Netherlands,Netherlands,Paul van Meekeren,1,10,0,0,1,2,90,9,60
45,India vs Netherlands,Netherlands,Roelof van der Merwe,1,10,0,0,0,0,53,5.3,60
45,India vs Netherlands,Netherlands,Bas de Leede,2,10,0,0,0,8,82,8.2,60
45,India vs Netherlands,India,Jasprit Bumrah,2,9,0,1,0,1,33,3.7,54
45,India vs Netherlands,India,Mohammed Siraj,2,6,0,1,0,1,29,4.8,36
45,India vs Netherlands,India,Mohammed Shami,0,6,0,0,0,1,41,6.8,36
45,India vs Netherlands,India,Kuldeep Yadav,2,10,0,1,0,0,41,4.1,60
45,India vs Netherlands,India,Ravindra Jadeja,2,9,0,0,0,1,49,5.4,54
45,India vs Netherlands,India,Virat Kohli,1,3,0,0,0,0,13,4.3,18
45,India vs Netherlands,India,Shubman Gill,0,2,0,0,0,0,11,5.5,12
45,India vs Netherlands,India,Suryakumar Yadav,0,2,0,0,0,0,17,8.5,12
45,India vs Netherlands,India,Rohit Sharma,1,0,5,0,0,0,7,8.4,5
46,India vs New Zealand,New Zealand,Trent Boult,1,10,0,0,0,2,86,8.6,60
46,India vs New Zealand,New Zealand,Tim Southee,3,10,0,0,0,1,100,10,60
46,India vs New Zealand,New Zealand,Mitchell Santner,0,10,0,1,0,0,51,5.1,60
46,India vs New Zealand,New Zealand,Lockie Ferguson,0,8,0,0,0,1,65,8.1,48
46,India vs New Zealand,New Zealand,Rachin Ravindra,0,7,0,0,0,2,60,8.6,42
46,India vs New Zealand,New Zealand,Glenn Phillips,0,5,0,0,0,0,33,6.6,30
46,India vs New Zealand,India,Jasprit Bumrah,1,10,0,1,0,10,64,6.4,60
46,India vs New Zealand,India,Mohammed Siraj,1,9,0,0,0,3,78,8.7,54
46,India vs New Zealand,India,Mohammed Shami,7,9,5,0,0,6,57,5.8,59
46,India vs New Zealand,India,Ravindra Jadeja,0,10,0,0,1,0,63,6.3,60
46,India vs New Zealand,India,Kuldeep Yadav,1,10,0,0,0,0,56,5.6,60
47,South Africa vs Australia,Australia,Mitchell Starc,3,10,0,1,0,4,34,3.4,60
47,South Africa vs Australia,Australia,Josh Hazlewood,2,8,0,3,0,0,12,1.5,48
47,South Africa vs Australia,Australia,Pat Cummins,3,9,4,0,0,2,51,5.3,58
47,South Africa vs Australia,Australia,Adam Zampa,0,7,0,0,0,0,55,7.9,42
47,South Africa vs Australia,Australia,Glenn Maxwell,0,10,0,0,0,0,35,3.5,60
47,South Africa vs Australia,Australia,Travis Head,2,5,0,0,0,1,21,4.2,30
47,South Africa vs Australia,South Africa,Marco Jansen,0,4,2,0,0,4,35,8.1,26
47,South Africa vs Australia,South Africa,Kagiso Rabada,1,6,0,0,1,1,41,6.8,36
47,South Africa vs Australia,South Africa,Aiden Markram,1,8,0,1,0,1,23,2.9,48
47,South Africa vs Australia,South Africa,Gerald Coetzee,2,9,0,0,1,1,47,5.2,54
47,South Africa vs Australia,South Africa,Tabraiz Shamsi,2,10,0,0,0,5,42,4.2,60
47,South Africa vs Australia,South Africa,Keshav Maharaj,1,10,0,0,0,0,24,2.4,60
48,India vs Australia,Australia,Mitchell Starc,3,10,0,0,0,4,55,5.5,60
48,India vs Australia,Australia,Josh Hazlewood,2,10,0,0,0,1,60,6,60
48,India vs Australia,Australia,Glenn Maxwell,1,6,0,0,0,0,35,5.8,36
48,India vs Australia,Australia,Pat Cummins,2,10,0,0,0,2,34,3.4,60
48,India vs Australia,Australia,Adam Zampa,1,10,0,0,0,2,44,4.4,60
48,India vs Australia,Australia,Mitchell Marsh,0,2,0,0,0,0,5,2.5,12
48,India vs Australia,Australia,Travis Head,0,2,0,0,0,0,4,2,12
48,India vs Australia,India,Jasprit Bumrah,2,9,0,2,0,0,43,4.8,54
48,India vs Australia,India,Mohammed Shami,1,7,0,1,0,9,47,6.7,42
48,India vs Australia,India,Ravindra Jadeja,0,10,0,0,0,2,43,4.3,60
48,India vs Australia,India,Kuldeep Yadav,0,10,0,0,0,0,56,5.6,60
48,India vs Australia,India,Mohammed Siraj,1,7,0,0,0,0,45,6.4,42
